{"count":1,"self":822.5373184,"total":3538.9371628,"children":{"InitializeActuators":{"count":1,"self":0.0020112999999999997,"total":0.0020112999999999997,"children":null},"InitializeSensors":{"count":1,"self":0.0010088999999999999,"total":0.0010088999999999999,"children":null},"AgentSendState":{"count":1150834,"self":4.1725927999999994,"total":159.427417,"children":{"CollectObservations":{"count":230167,"self":11.514783999999999,"total":11.5147841,"children":null},"WriteActionMask":{"count":230167,"self":60.276499199999996,"total":60.276499799999996,"children":null},"RequestDecision":{"count":230167,"self":1.1136888999999999,"total":83.4635402,"children":{"AgentInfo.ToProto":{"count":230167,"self":1.8948829999999999,"total":82.3498513,"children":{"GenerateSensorData":{"count":230167,"self":80.4549696,"total":80.45496829999999,"children":null}}}}}}},"DecideAction":{"count":1150834,"self":2385.1395072,"total":2385.1395850999997,"children":null},"AgentAct":{"count":1150834,"self":161.1608448,"total":171.82681649999998,"children":{"AgentInfo.ToProto":{"count":28169,"self":0.19515659999999999,"total":10.6659694,"children":{"GenerateSensorData":{"count":28169,"self":10.4708128,"total":10.4708128,"children":null}}}}}},"gauges":{"BoxPacker.CumulativeReward":{"count":28169,"max":77.5275955,"min":-9.797402,"runningAverage":28.6164074,"value":46.0032539,"weightedAverage":32.5670471}},"metadata":{"timer_format_version":"0.1.0","start_time_seconds":"1764738764","unity_version":"2021.3.13f1","command_line_arguments":"C:\\Program Files\\Unity\\Hub\\Editor\\2021.3.13f1\\Editor\\Unity.exe -projectpath C:\\Users\\dexte\\anaconda3\\envs\\FirstMLEnv\\3DBPP_ML\\3DBPP_ML -useHub -hubIPC -cloudEnvironment production -licensingIpc LicenseClient-dexte -hubSessionId 08230a9c-cba9-46ba-88ff-169bbacef527 -accessToken SjlCeLqBDYQisXXe2D4IV_3y3QwQg6JH3sA-90tWRTk001f","communication_protocol_version":"1.5.0","com.unity.ml-agents_version":"2.0.2","scene_name":"3dBPP_MLAgent_02_RewardShaping_01A","end_time_seconds":"1764742303"}}